scenario_id,category,spec_chapter,spec_anchor,variant,priority,input_path,expected,diagnostic_keys,runtime_bridge,capability,stage_requirement,scenario_notes,resolution,resolution_notes,spec_vs_impl_decision
CH1-LET-001,Prelude,chapter1.syntax,docs/spec/1-1-syntax.md§4.2,canonical,high,examples/spec_core/chapter1/let_binding/bnf-valdecl-let-simple-ok.reml,expected/spec_core/chapter1/let_binding/bnf-valdecl-let-simple-ok.stdout,[],none,none,not-required,基本的な let 束縛。Result/Option を含まない純粋ケースで、Phase4TestCase における基準入力。,ok,Rust 実装・仕様とも想定通り。,ok
CH1-LET-002,Prelude,chapter1.syntax,docs/spec/1-1-syntax.md§4.2,alternate,high,examples/spec_core/chapter1/let_binding/bnf-valdecl-let-pattern-tuple.reml,expected/spec_core/chapter1/let_binding/bnf-valdecl-let-pattern-tuple.stdout,[],none,none,not-required,タプルパターン束縛。仕様上は許容だが OCaml 実装では過去に制約があったため検証対象。,impl_fix,Rust 実装がタプル再束縛で Span を誤出力。,impl_fix
CH1-LET-003,Prelude,chapter1.syntax,docs/spec/1-1-syntax.md§4.2,boundary,critical,examples/spec_core/chapter1/let_binding/bnf-valdecl-let-shadow-unicode.reml,expected/spec_core/chapter1/let_binding/bnf-valdecl-let-shadow-unicode.diagnostic.json,"[""language.shadowing.unicode""]",none,none,not-required,Unicode 識別子とシャドーイング境界。`αβ` のような識別子を1回だけ再束縛する。,ok,"2026-02-18 PhaseF: TypecheckDriver に Unicode シャドー検出を追加し CLI=""cargo run --manifest-path compiler/rust/frontend/Cargo.toml --bin reml_frontend -- --output json examples/spec_core/chapter1/let_binding/bnf-valdecl-let-shadow-unicode.reml"" で `language.shadowing.unicode` の単一診断を再確認。",impl_fix
CH1-MATCH-001,Prelude,chapter1.syntax,docs/spec/1-5-formal-grammar-bnf.md§4,canonical,high,examples/spec_core/chapter1/match_expr/bnf-matchexpr-option-canonical.reml,expected/spec_core/chapter1/match_expr/bnf-matchexpr-option-canonical.stdout,[],none,none,not-required,`Option` に対する `match ... with` の正準例。`Some`/`None` 分岐で BNF の最小形を固定。,ok,CLI/Streaming で診断 0 を確認し、`value=42` をゴールデン化。 | backend_llvm_ir_log=reports/spec-audit/ch4/logs/match-ir-20251217T081600Z.md / backend_test=integration::tests::llvm_ir_option_canonical_has_ctor_payload_and_expr_lowering,ok
CH1-MATCH-002,Prelude,chapter1.syntax,docs/spec/1-5-formal-grammar-bnf.md§4,alternate,high,examples/spec_core/chapter1/match_expr/bnf-matchexpr-tuple-alternate.reml,expected/spec_core/chapter1/match_expr/bnf-matchexpr-tuple-alternate.stdout,[],none,none,not-required,TuplePattern と `_` を組み合わせた `match` バリエーション。分岐順序とフォールバック処理を検証。,ok,2025-12-10 Parser literal pattern を復元し CLI=cargo run --quiet --manifest-path compiler/rust/frontend/Cargo.toml --bin reml_frontend -- --output json examples/spec_core/chapter1/match_expr/bnf-matchexpr-tuple-alternate.reml / tests=tests/spec_core::ch1_match_002_accepts_tuple_literal_pattern / log=reports/spec-audit/ch4/logs/spec_core-20251210T073321Z.md で JSON stdout を更新。 | 2025-12-17 run_id=8f958454-14ae-4297-9d0f-766d7f7490c9 CLI=`compiler/rust/frontend/target/debug/reml_frontend --output json examples/spec_core/chapter1/match_expr/bnf-matchexpr-tuple-alternate.reml` / diagnostics=[]（網羅性の誤検出を修正）。,impl_fix
CH1-EFFECT-004,Capability,chapter1.effects,docs/spec/1-3-effects-safety.md§3.1,invalid,medium,examples/spec_core/chapter1/effect_handlers/bnf-handleexpr-missing-with.reml,expected/spec_core/chapter1/effect_handlers/bnf-handleexpr-missing-with.diagnostic.json,"[""effects.handler.missing_with"",""effects.contract.stage_mismatch""]",none,none,not-required,`with` 節を省略する意地悪ケース。診断キーとメッセージを固定化。,ok,2025-12-17 run_id=279abadf-6b44-40ab-b7a0-e7ccbc6b2136 CLI=`compiler/rust/frontend/target/debug/reml_frontend --output json examples/spec_core/chapter1/effect_handlers/bnf-handleexpr-missing-with.reml > expected/spec_core/chapter1/effect_handlers/bnf-handleexpr-missing-with.diagnostic.json` / diagnostics=`effects.handler.missing_with`,`effects.contract.stage_mismatch`,ok
CH1-EFF-006,Capability,chapter1.effects,docs/spec/1-5-formal-grammar-bnf.md§4,alternate,medium,examples/spec_core/chapter1/effect_handlers/bnf-handleexpr-perform-counter.reml,expected/spec_core/chapter1/effect_handlers/bnf-handleexpr-perform-counter.stdout,[],none,none,not-required,`perform` と `handle ... with handler` を同時に提示する効果ハンドラの派生記法。`resume` を介した戻り値の合成を確認。,ok,`2` の stdout を固定し、PerformExpr/HandleExpr の BNF が実装に受理されることを確認。,ok
CH3-IO-101,IO,chapter3.io,docs/spec/3-5-core-io-path.md§6.2,canonical,medium,examples/practical/core_io/file_copy/canonical.reml,expected/practical/core_io/file_copy/canonical.stdout,[],none,core.io.fs.read+core.io.fs.write,StageRequirement::Exact(Stable),実用 IO シナリオ。Capability Stage の検証と Golden が必要。,ok,Stage 判定および性能値が許容範囲。,ok
CH1-MOD-001,Prelude,chapter1.syntax,docs/spec/1-1-syntax.md§B.1,canonical,high,docs/spec/1-1-syntax/examples/use_nested.reml,reports/spec-audit/ch1/use_nested-20251119-diagnostics.json,[],none,none,not-required,`module`/`use` の正準サンプル。`reports/spec-audit/ch1/use_nested-20251119-diagnostics.json` と `streaming_use_nested-20251121` を根拠に Chapter 1 §B.1 の要件を検証し、phase4 では examples/spec_core/chapter1/module/ へ移設予定。,ok,Rust Frontend Streaming/CLI いずれも診断 0 件を確認済み。,ok
CH1-MOD-002,Runtime,chapter1.syntax,docs/spec/1-1-syntax.md§B.1,fallback,medium,docs/spec/1-1-syntax/examples/use_nested_rustcap.reml,reports/spec-audit/ch1/use_nested_rustcap-20251117-diagnostics.json,[],none,none,not-required,Rustcap 互換プロファイル向けの履歴サンプル。`docs/spec/1-1-syntax/examples/README.md` で参照のみとされたが、Phase4 では CLI/Streaming の互換性を検証するリグレッション資産としてマトリクス管理下に置く。,ok,診断 0 件で Stage 差異も検出されないことを 2025-11-17 ログで確認。,ok
CH1-EFF-005,Capability,chapter1.syntax,docs/spec/1-1-syntax.md§B.5,canonical,high,docs/spec/1-1-syntax/examples/effect_handler.reml,reports/spec-audit/ch1/effect_handler-20251119-diagnostics.json,[],none,console,StageRequirement::AtLeast(Beta),効果宣言と `handle ... with` の正準例。`docs/spec/1-1-syntax.md` §B.5 と `docs/spec/1-3-effects-safety.md` §I.4 の Stage/Capability 整合を Streaming/CLI 双方で検証する。,ok,2025-11-19 Rust Frontend で診断 0 件、Streaming ログも `streaming_effect_handler-20251121` で確認済み。,ok
CH1-CLI-101,CLI,chapter1.syntax,docs/spec/1-0-language-core-overview.md§4.1,boundary,medium,examples/cli/trace_sample.reml,expected/cli/trace_sample/trace_sample_cli.diagnostic.json,"[""parser.runconfig.left_recursion_unimplemented""]",none,none,not-required,CLI 版 `trace_sample` の TypeScript 追跡コマンドを Phase 1 dual-write ログと結び付ける。`expected/cli/trace_sample/trace_sample_cli.diagnostic.json` をゴールデン化し、左再帰未実装の警告を固定化する。,ok,expected/cli/trace_sample/trace_sample_cli.diagnostic.json で RunConfig 設定差異を再現。,ok
CH3-IO-201,IO,chapter3.io,docs/spec/3-5-core-io-path.md§7.1,canonical,medium,examples/practical/core_io/file_copy/canonical.reml,expected/practical/core_io/file_copy/canonical.audit.jsonl,[],none,core.io.fs.read+core.io.fs.write,StageRequirement::Exact(Stable),`with_reader`/`with_writer`/`copy`/`sandbox_path` を組み合わせた Core.IO サンプル。`expected/practical/core_io/file_copy/canonical.audit.jsonl` で `metadata.io.helper = copy` と StageRequirement を証跡化。,ok,expected/practical/core_io/file_copy/canonical.audit.jsonl を追加し、StageRequirement::Exact(Stable) を固定化。,ok
CH3-PATH-202,IO,chapter3.io,docs/spec/3-5-core-io-path.md§7.4,boundary,high,examples/practical/core_path/security_check/relative_denied.reml,expected/practical/core_path/security_check/relative_denied.diagnostic.json,"[""core.path.security.invalid""]",none,core.io.fs.read,StageRequirement::AtLeast(Beta),`SecurityPolicy` と `validate_path` の境界テスト。`expected/practical/core_path/security_check/relative_denied.diagnostic.json` で `security.reason=relative_path_denied` を確認可能にした。,ok,"2026-02-20 PhaseF runtime 実行フェーズを Rust Frontend に追加し、CLI=""cargo run --quiet --manifest-path compiler/rust/frontend/Cargo.toml --bin reml_frontend -- --output json examples/practical/core_path/security_check/relative_denied.reml"" / run_id=55290137-a91c-4340-9627-dd59ab196690 -> diagnostics=core.path.security.invalid (security.reason=relative_path_denied) を確認。Check 後に runtime_path::validate_path/sandbox_path/is_safe_symlink を実行して expected と一致。 | 2025-12-10 PhaseF 再実行: CLI=同左 / run_id=59e7be86-650c-406e-b865-a9a0a625c767 -> diagnostics=core.path.security.invalid (extensions.security.reason=relative_path_denied) / log=reports/spec-audit/ch4/logs/practical-20251210T205757Z.md を追記し practical チェックリストを更新。",ok
CH3-RUNTIME-301,Runtime,chapter3.diagnostics,docs/spec/3-0-core-library-overview.md§3.6,boundary,high,examples/core_diagnostics/pipeline_branch.reml,examples/core_diagnostics/pipeline_branch.expected.diagnostic.json,"[""effects.contract.stage_mismatch""]",none,console,StageRequirement::AtLeast(Beta),Capability Stage mismatch を CLI/Audit で再現。`examples/core_diagnostics` の `pipeline_branch` は Chapter 3.6/3.8 の監査ポリシーを照合する基準資産。,ok,`pipeline_branch.expected.diagnostic.json` の `effects.contract.stage_mismatch` を Rust Frontend で再現済み。,ok
CH3-PLG-310,Plugin,chapter3.runtime,docs/spec/3-0-core-library-overview.md§3.7,canonical,medium,examples/practical/core_config/audit_bridge/audit_bridge.reml,expected/practical/core_config/audit_bridge/manifest_snapshot.json,[],audit_bridge,core.audit,StageRequirement::Exact(Beta),`@dsl_export` の `requires_capabilities`/`stage_bounds` を `reml.toml` と同期させる Core.Config ブリッジ。`expected/practical/core_config/audit_bridge/manifest_snapshot.json` で Manifest/DSL の Stage/Capability を比較可能にした。,ok,Manifest snapshot を expected/ 配下に追加し、`requires_capabilities` と stage 境界の一致を確認。,ok
CH1-MOD-003,Prelude,chapter1.syntax,docs/spec/1-1-syntax.md§B.1,canonical,high,examples/spec_core/chapter1/module_use/bnf-compilationunit-module-use-alias-ok.reml,expected/spec_core/chapter1/module_use/bnf-compilationunit-module-use-alias-ok.stdout,[],none,none,not-required,`module spec_core.match_guard` と再帰 `use` を同一 `.reml` で実行し Prelude 名寄せのゴールデンを作成する。,ok,"2025-12-09 PhaseF CLI=""cargo run --manifest-path compiler/rust/frontend/Cargo.toml --bin reml_frontend -- --output json examples/spec_core/chapter1/module_use/bnf-compilationunit-module-use-alias-ok.reml"" -> diagnostics=[] (spec_core module_use tracker)",ok
CH1-MOD-004,Prelude,chapter1.syntax,docs/spec/1-1-syntax.md§B.1,invalid,high,examples/spec_core/chapter1/module_use/bnf-usedecl-super-root-invalid.reml,expected/spec_core/chapter1/module_use/bnf-usedecl-super-root-invalid.diagnostic.json,"[""language.use.invalid_super""]",none,none,not-required,ルート直下で `super` を参照した際の拒否診断を明示し Chapter1 §B.1 の禁止事項をテスト化する。,ok,"2025-12-09 PhaseF CLI=""cargo run --manifest-path compiler/rust/frontend/Cargo.toml --bin reml_frontend -- --output json examples/spec_core/chapter1/module_use/bnf-usedecl-super-root-invalid.reml"" -> language.use.invalid_super を確認 / parser impl fix + spec_core module_use tracker",impl_fix
CH1-ATTR-101,Prelude,chapter1.syntax,docs/spec/1-1-syntax.md§B.6,canonical,medium,examples/spec_core/chapter1/attributes/bnf-attr-cfg-let-gate-ok.reml,expected/spec_core/chapter1/attributes/bnf-attr-cfg-let-gate-ok.stdout,[],none,none,not-required,"`@cfg(target = \""cli\"")` で `let` ブロックが有効化される既定経路を `RunConfig` と連携して検証する。",ok,"Phase4 backlog：attributes ディレクトリの整備と CLI 実行結果のゴールデン化。 | 2025-12-08 triage_spec_core_failures.py (spec_core) で impl_fix 判定: 期待診断なしのシナリオで Diagnostics が発生しました / log=reports/spec-audit/ch4/logs/spec_core-20251208T173235Z.md / CLI=""compiler/rust/frontend/target/debug/reml_frontend --output json /Users/dolphilia/github/kestrel/examples/spec_core/chapter1/attributes/bnf-attr-cfg-let-gate-ok.reml"" / 期待=(none) / 実際=language.inference.value_restriction | 2025-12-09 Example Fix: var 束縛に型注釈を追加し Typecheck の value_restriction を回避。Rust CLI で diagnosis 無しを再確認予定。",example_fix
CH1-ATTR-102,Prelude,chapter1.syntax,docs/spec/1-1-syntax.md§B.6,boundary,medium,examples/spec_core/chapter1/attributes/bnf-attr-cfg-missing-flag-error.reml,expected/spec_core/chapter1/attributes/bnf-attr-cfg-missing-flag-error.diagnostic.json,"[""language.cfg.unsatisfied_branch""]",none,none,not-required,未定義ターゲットを指定した `@cfg` が `language.cfg.unsatisfied_branch` を返すことを Chapter1 §B.6 準拠で確認する。,ok,"Phase4 backlog：診断 JSON と `run_examples` 連携を追加。 | 2025-12-08 triage_spec_core_failures.py (spec_core) で example_fix 判定: 期待された Diagnostics が出力されていません / log=reports/spec-audit/ch4/logs/spec_core-20251208T173235Z.md / CLI=""compiler/rust/frontend/target/debug/reml_frontend --output json /Users/dolphilia/github/kestrel/examples/spec_core/chapter1/attributes/bnf-attr-cfg-missing-flag-error.reml"" / 期待=language.cfg.unsatisfied_branch / 実際=(none) | 2026-02-19 Impl Fix: parser で `@cfg(target = ...)` を評価し `language.cfg.unsatisfied_branch` を生成。CLI=""cargo run --manifest-path compiler/rust/frontend/Cargo.toml --bin reml_frontend -- --output json examples/spec_core/chapter1/attributes/bnf-attr-cfg-missing-flag-error.reml"" / test=cargo test --manifest-path compiler/rust/frontend/Cargo.toml --test spec_core -- ch1_attr_102_reports_cfg_unsatisfied_branch",impl_fix
CH1-FN-101,Prelude,chapter1.syntax,docs/spec/1-1-syntax.md§B.4,canonical,high,examples/spec_core/chapter1/fn_decl/bnf-fndecl-generic-default-effect-ok.reml,expected/spec_core/chapter1/fn_decl/bnf-fndecl-generic-default-effect-ok.stdout,[],none,none,not-required,ジェネリック/デフォルト引数/効果注釈を組み合わせた `fn` 宣言を Chapter1 §B.4 の要件通り通過させる。,impl_fix,"Phase4 backlog：関数サンプルの expected stdout をゴールデン化。 | 2025-12-08 triage_spec_core_failures.py (spec_core) で impl_fix 判定: 期待診断なしのシナリオで Diagnostics が発生しました / log=reports/spec-audit/ch4/logs/spec_core-20251208T173235Z.md / CLI=""compiler/rust/frontend/target/debug/reml_frontend --output json /Users/dolphilia/github/kestrel/examples/spec_core/chapter1/fn_decl/bnf-fndecl-generic-default-effect-ok.reml"" / 期待=(none) / 実際=parser.syntax.expected_tokens, typeck.aborted.ast_unavailable",pending
CH1-TYPE-201,Prelude,chapter1.syntax,docs/spec/1-1-syntax.md§B.4,canonical,high,examples/spec_core/chapter1/type_decl/bnf-typedef-sum-recordpattern-ok.reml,expected/spec_core/chapter1/type_decl/bnf-typedef-sum-recordpattern-ok.stdout,[],none,none,not-required,SumType と Record パターンの束縛を同一 `.reml` にまとめ BNF 通り受理されることを確認する。,ok,"2025-12-09 PhaseF: parser に SumType / record pattern (`..` 展開) を復元し CLI=""cargo run --manifest-path compiler/rust/frontend/Cargo.toml --bin reml_frontend -- --output json examples/spec_core/chapter1/type_decl/bnf-typedef-sum-recordpattern-ok.reml"" で diagnostics=[] を確認。log=reports/spec-audit/ch4/logs/spec_core-20251209T145714Z.md へ RunConfig/trace を記録。 | 2025-12-17 run_id=edff51bd-0c28-413a-8403-6f3c94becc1c CLI=`compiler/rust/frontend/target/debug/reml_frontend --output json examples/spec_core/chapter1/type_decl/bnf-typedef-sum-recordpattern-ok.reml` / diagnostics=[]（既知型以外で網羅性未確定の場合は警告しない方針へ）。",ok
CH1-TRAIT-301,Prelude,chapter1.types,docs/spec/1-2-types-Inference.md§B.1,canonical,medium,examples/spec_core/chapter1/trait_impl/bnf-traitdecl-default-where-ok.reml,expected/spec_core/chapter1/trait_impl/bnf-traitdecl-default-where-ok.stdout,[],none,none,not-required,`trait Show<T> where T: Copy` とデフォルトメソッドの辞書生成ログを Chapter1 §B.1 の通り固定する。,ok,Rust CLI で cargo run --bin reml_frontend ../../../examples/spec_core/chapter1/trait_impl/bnf-traitdecl-default-where-ok.reml を 2026-02-14 に実行し診断 0 件を確認。2026-02-16 再実行: cargo run --bin reml_frontend -- ../../../examples/spec_core/chapter1/trait_impl/bnf-traitdecl-default-where-ok.reml でも診断 0。,ok
CH1-IMPL-302,Prelude,chapter1.types,docs/spec/1-2-types-Inference.md§B.2,invalid,medium,examples/spec_core/chapter1/trait_impl/bnf-impldecl-duplicate-error.reml,expected/spec_core/chapter1/trait_impl/bnf-impldecl-duplicate-error.diagnostic.json,"[""typeclass.impl.duplicate""]",none,none,not-required,同一型への重複 `impl` を禁止する診断を B.2 の整合性規則に沿ってゴールデン化する。,ok,Rust CLI で cargo run --bin reml_frontend ../../../examples/spec_core/chapter1/trait_impl/bnf-impldecl-duplicate-error.reml を 2026-02-15 に実行し `typeclass.impl.duplicate` 診断を確認。2026-02-16 再実行: cargo run --bin reml_frontend -- ../../../examples/spec_core/chapter1/trait_impl/bnf-impldecl-duplicate-error.reml と `cargo test -p reml_frontend spec_core::ch1_impl_302_reports_duplicate_impl_violation` でも同診断を再確認。,ok
CH1-INF-601,Prelude,chapter1.types,docs/spec/1-2-types-Inference.md§H.1,canonical,high,examples/spec_core/chapter1/type_inference/bnf-inference-let-generalization-ok.reml,expected/spec_core/chapter1/type_inference/bnf-inference-let-generalization-ok.stdout,[],none,none,not-required,`let id = fn x => x` が多相化され `Vec<i64>` と `Vec<Text>` で共有できることを Chapter1 §H.1 に基づき確認する。,ok,"Phase4 backlog：型スキーム表示を stdout に固定。 | 2025-12-08 triage_spec_core_failures.py (spec_core) で impl_fix 判定: 期待診断なしのシナリオで Diagnostics が発生しました / log=reports/spec-audit/ch4/logs/spec_core-20251208T173235Z.md / CLI=""compiler/rust/frontend/target/debug/reml_frontend --output json /Users/dolphilia/github/kestrel/examples/spec_core/chapter1/type_inference/bnf-inference-let-generalization-ok.reml"" / 期待=(none) / 実際=parser.syntax.expected_tokens, typeck.aborted.ast_unavailable | 2025-12-09 PhaseF: reports/spec-audit/ch4/logs/spec_core-20251209T002127Z.md で CLI=""compiler/rust/frontend/target/debug/reml_frontend --output json examples/spec_core/chapter1/type_inference/bnf-inference-let-generalization-ok.reml"" / Exit=0 / 期待=(none) / 実際=(none)（`fn` ラムダ受理を Parser へ復元）",ok
CH1-INF-602,Prelude,chapter1.types,docs/spec/1-2-types-Inference.md§C.3,boundary,high,examples/spec_core/chapter1/type_inference/bnf-inference-value-restriction-error.reml,expected/spec_core/chapter1/type_inference/bnf-inference-value-restriction-error.diagnostic.json,"[""language.inference.value_restriction""]",none,none,not-required,`var cell = []` の一般化拒否を `language.inference.value_restriction` 診断で再現し C.3 の値制限をテストする。,ok,"Phase4 backlog：診断キーと補足メッセージを specification に合わせる。 | 2025-12-08 triage_spec_core_failures.py (spec_core) で example_fix 判定: 期待された Diagnostics が出力されていません / log=reports/spec-audit/ch4/logs/spec_core-20251208T173235Z.md / CLI=""compiler/rust/frontend/target/debug/reml_frontend --output json /Users/dolphilia/github/kestrel/examples/spec_core/chapter1/type_inference/bnf-inference-value-restriction-error.reml"" / 期待=language.inference.value_restriction / 実際=(none) | 2025-12-09 PhaseF: reports/spec-audit/ch4/logs/spec_core-20251209T002127Z.md で CLI=""compiler/rust/frontend/target/debug/reml_frontend --output json examples/spec_core/chapter1/type_inference/bnf-inference-value-restriction-error.reml"" / Exit=0 / 期待=language.inference.value_restriction / 実際=(none) | 2025-12-09 Impl Fix: TypecheckDriver::infer_module で DeclKind::Var 推論を復元し、CLI=""compiler/rust/frontend/target/debug/reml_frontend --output json examples/spec_core/chapter1/type_inference/bnf-inference-value-restriction-error.reml"" / Exit=1 / Diagnostics=language.inference.value_restriction / log=reports/spec-audit/ch4/logs/spec_core-20251209T003146Z.md / cargo test --manifest-path compiler/rust/frontend/Cargo.toml --test spec_core ch1_inf_602_module_example_emits_value_restriction でも同診断を再確認。",impl_fix
CH1-EFF-701,Capability,chapter1.effects,docs/spec/1-3-effects-safety.md§B,boundary,high,examples/spec_core/chapter1/effects/bnf-attr-pure-perform-error.reml,expected/spec_core/chapter1/effects/bnf-attr-pure-perform-error.diagnostic.json,"[""effects.purity.violated"",""effects.contract.stage_mismatch""]",none,console,StageRequirement::AtLeast(Beta),`@pure fn` 内で `perform Console.log` を呼び出した際の純粋性違反を Chapter1 §B と Stage 要件に沿って診断する。,ok,"Phase4 backlog：`console` Capability のダミー提供と診断ゴールデンの生成。 | 2025-12-08 triage_spec_core_failures.py (spec_core) で spec_fix 判定: Diagnostics コードの集合が期待と一致しません / log=reports/spec-audit/ch4/logs/spec_core-20251208T173235Z.md / CLI=""compiler/rust/frontend/target/debug/reml_frontend --output json /Users/dolphilia/github/kestrel/examples/spec_core/chapter1/effects/bnf-attr-pure-perform-error.reml"" / 期待=effects.purity.violated / 実際=effects.purity.violated, effects.contract.stage_mismatch | 2025-12-09 Spec Fix: 1-3-effects-safety.md に stage mismatch 併発条件を追記し、expected diagnostics を 2 件構成に更新。 | 2025-12-10 Impl Fix: `compiler/rust/frontend/src/typeck/capability.rs` で `Console.*` を Capability Registry に再登録し Stage mismatch を復元。CLI=`cargo run --quiet --manifest-path compiler/rust/frontend/Cargo.toml --bin reml_frontend -- --output json examples/spec_core/chapter1/effects/bnf-attr-pure-perform-error.reml` / log=reports/spec-audit/ch4/logs/spec_core-20251210T075036Z.md。",impl_fix
CH1-DSL-801,Prelude,chapter1.syntax,docs/spec/1-1-syntax.md§B.8,canonical,medium,examples/spec_core/chapter1/conductor/bnf-conductor-basic-pipeline-ok.reml,expected/spec_core/chapter1/conductor/bnf-conductor-basic-pipeline-ok.stdout,[],none,none,not-required,`conductor telemetry { channels { ... } execution { ... } }` の DSL 制御ブロックを Chapter1 §B.8 に沿って再現し監査タグ連携を確認する。,ok,Rust Parser で conductor DSL を受理済み。cargo test -p reml_frontend spec_core::ch1_dsl_801_parses_conductor_sections を 2026-02-14 に実行し AST/Expected を確認。2026-02-16 再実行: 同テストを再度通し、最新 Parser でも DSL ブロックが保持されることを記録。,ok
CH1-MATCH-003,Prelude,chapter1.syntax,docs/spec/1-1-syntax.md§C.3,alternate,high,examples/spec_core/chapter1/match_expr/bnf-matchexpr-when-guard-ok.reml,expected/spec_core/chapter1/match_expr/bnf-matchexpr-when-guard-ok.stdout,[],none,none,not-required,`Some(x) when x > 10 as large` のような `when`/`as` パターンを Chapter1 §C.3 通り受理することを確認する。,ok,Rust CLI で cargo run --bin reml_frontend ../../../examples/spec_core/chapter1/match_expr/bnf-matchexpr-when-guard-ok.reml を 2026-02-15 に実行し診断 0 件を確認。2026-02-16 再実行: cargo run --bin reml_frontend -- ../../../examples/spec_core/chapter1/match_expr/bnf-matchexpr-when-guard-ok.reml と `cargo test -p reml_frontend spec_core::ch1_match_003_accepts_guard_and_alias` でも guard/alias 保持を再確認。,ok
CH2-PARSE-101,Runtime,chapter2.parser,docs/spec/2-2-core-combinator.md§A-3,canonical,high,examples/spec_core/chapter2/parser_core/core-parse-or-commit-ok.reml,expected/spec_core/chapter2/parser_core/core-parse-or-commit-ok.stdout,[],none,none,not-required,`Core.Parse.or` + `commit` の組合せで Backtracking コストを制御する基準ケースを作成する。,ok,"2025-12-10 PhaseF: CLI=""cargo run --quiet --manifest-path compiler/rust/frontend/Cargo.toml --bin reml_frontend -- --output json examples/spec_core/chapter2/parser_core/core-parse-or-commit-ok.reml"" / diagnostics=[] / log=reports/spec-audit/ch4/logs/spec_core-20251210T081000Z.md | 2025-12-10 PhaseF rerun: diagnostics=[] / log=reports/spec-audit/ch4/logs/spec_core-20251210T130034Z.md",ok
CH2-PARSE-102,Runtime,chapter2.parser,docs/spec/2-5-error.md§B-5,boundary,high,examples/spec_core/chapter2/parser_core/core-parse-cut-branch-mislead.reml,expected/spec_core/chapter2/parser_core/core-parse-cut-branch-mislead.diagnostic.json,"[""parser.syntax.expected_tokens""]",none,none,not-required,演算子右項欠落（`(1 +)`）で `cut` 境界による期待集合の再初期化が効き、誤誘導しない `parser.syntax.expected_tokens` を固定する。比較対象（Cut 無し相当）: `examples/spec_core/chapter2/parser_core/core-parse-cut-branch-mislead-no-cut.reml`。,ok,"2025-12-17 PhaseF: CLI=""cargo run --quiet --manifest-path compiler/rust/frontend/Cargo.toml --bin reml_frontend -- --output json examples/spec_core/chapter2/parser_core/core-parse-cut-branch-mislead.reml"" / diagnostics=[parser.syntax.expected_tokens] / expected=expected/spec_core/chapter2/parser_core/core-parse-cut-branch-mislead.diagnostic.json | compare_expected=expected/spec_core/chapter2/parser_core/core-parse-cut-branch-mislead-no-cut.diagnostic.json | 2026-12-18 run_id=c9f29fff-58c7-4849-9bb3-999562132bbf CLI=`compiler/rust/frontend/target/debug/reml_frontend --output json examples/spec_core/chapter2/parser_core/core-parse-cut-branch-mislead.reml` diagnostics=[parser.syntax.expected_tokens] expected refreshed",ok
CH2-PARSE-103,Runtime,chapter2.parser,docs/spec/2-5-error.md§D-1,boundary,high,examples/spec_core/chapter2/parser_core/core-parse-cut-unclosed-paren.reml,expected/spec_core/chapter2/parser_core/core-parse-cut-unclosed-paren.diagnostic.json,"[""parser.syntax.expected_tokens""]",none,none,not-required,括弧閉じ忘れ（`(1 + 2`）で `)` への期待が自然に収束することを固定する（括弧ペアの cut 境界）。比較対象（Cut 無し相当）: `examples/spec_core/chapter2/parser_core/core-parse-cut-unclosed-paren-no-cut.reml`。,ok,"2025-12-17 PhaseF: CLI=""cargo run --quiet --manifest-path compiler/rust/frontend/Cargo.toml --bin reml_frontend -- --output json examples/spec_core/chapter2/parser_core/core-parse-cut-unclosed-paren.reml"" / diagnostics=[parser.syntax.expected_tokens] / expected=expected/spec_core/chapter2/parser_core/core-parse-cut-unclosed-paren.diagnostic.json | compare_expected=expected/spec_core/chapter2/parser_core/core-parse-cut-unclosed-paren-no-cut.diagnostic.json | 2026-12-18 run_id=f9fb5aaa-f93d-42d9-b149-301a34f61485 CLI=`compiler/rust/frontend/target/debug/reml_frontend --output json examples/spec_core/chapter2/parser_core/core-parse-cut-unclosed-paren.reml` diagnostics=[parser.syntax.expected_tokens] expected refreshed",ok
CH2-PARSE-201,Runtime,chapter2.parser,docs/spec/2-5-error.md§E,boundary,high,examples/spec_core/chapter2/parser_core/core-parse-recover-diagnostic.reml,expected/spec_core/chapter2/parser_core/core-parse-recover-diagnostic.diagnostic.json,"[""core.parse.recover.branch""]",none,none,not-required,`Parse.recover` が `core.parse.recover.branch` 診断を生成し Diagnostics chapter と同期することを確認する。,ok,"2025-12-10 PhaseF: CLI=""cargo run --quiet --manifest-path compiler/rust/frontend/Cargo.toml --bin reml_frontend -- --output json examples/spec_core/chapter2/parser_core/core-parse-recover-diagnostic.reml"" / diagnostics=[core.parse.recover.branch] / log=reports/spec-audit/ch4/logs/spec_core-20251210T081000Z.md | 2025-12-10 PhaseF rerun: diagnostics=[core.parse.recover.branch] / log=reports/spec-audit/ch4/logs/spec_core-20251210T130034Z.md | 2025-12-18 expected refresh: CLI=`cargo run --quiet --manifest-path compiler/rust/frontend/Cargo.toml --bin reml_frontend -- --output json examples/spec_core/chapter2/parser_core/core-parse-recover-diagnostic.reml > expected/spec_core/chapter2/parser_core/core-parse-recover-diagnostic.diagnostic.json` / log=reports/spec-audit/ch4/logs/spec_core-CH2-PARSE-201-20251218T132628Z.diagnostic.json",ok
CH2-PARSE-202,Runtime,chapter2.parser,docs/spec/2-5-error.md§E-2,boundary,high,examples/spec_core/chapter2/parser_core/core-parse-recover-multiple-errors-semicolon.reml,expected/spec_core/chapter2/parser_core/core-parse-recover-multiple-errors-semicolon.diagnostic.json,"[""core.parse.recover.branch""]",none,none,not-required,文末 `;` 同期で 1 回の実行に複数診断（回復 2 回）を蓄積する最小ケース（計画起点 ID: CP-WS4-001）。,ok,"2025-12-18 CLI=`compiler/rust/frontend/target/debug/reml_frontend --output json examples/spec_core/chapter2/parser_core/core-parse-recover-multiple-errors-semicolon.reml` / diagnostics=[core.parse.recover.branch, core.parse.recover.branch]（同一コードはスイート集計で重複排除）/ log=reports/spec-audit/ch4/logs/spec_core-CH2-PARSE-202-20251218T234528Z.diagnostic.json",ok
CP-WS2-001,Runtime,chapter2.parser,docs/spec/2-5-error.md§B-6/B-7,label-vs-token,high,examples/spec_core/chapter2/parser_core/core-parse-label-vs-token-with-label.reml,expected/spec_core/chapter2/parser_core/core-parse-label-vs-token-with-label.diagnostic.json,"[""parser.syntax.expected_tokens""]",none,none,not-required,"Parse.run の label 有無で期待集合を比較する基準。with-label は Rule(""expression"") を含み context_note が `+` の後に expression、no-label は token/class のみ。","ok","run_id=694026ea-25b9-4e38-a458-ecc1730ec32f (with-label), 8fba446b-9fa2-409a-ad27-cb8dcfd01d8d (no-label); cargo run --quiet --manifest-path compiler/rust/frontend/Cargo.toml --bin reml_frontend -- --parse-driver --parse-driver-label expression --output json examples/spec_core/chapter2/parser_core/core-parse-label-vs-token-with-label.reml > expected/spec_core/chapter2/parser_core/core-parse-label-vs-token-with-label.diagnostic.json / no-label は --parse-driver のみで expected/spec_core/chapter2/parser_core/core-parse-label-vs-token-no-label.diagnostic.json を更新。alternatives に Rule(""expression"") が残り、humanized/context_note が B-6/B-7 に沿うことを確認。",ok
CH2-STREAM-301,Runtime,chapter2.parser,docs/spec/2-7-core-parse-streaming.md§C-1,canonical,medium,examples/spec_core/chapter2/streaming/core-parse-runstream-demandhint-ok.reml,expected/spec_core/chapter2/streaming/core-parse-runstream-demandhint-ok.stdout,[],none,none,not-required,`run_stream` と `DemandHint::More` の協調を示す Streaming API 基準ケースを chapter2 §C-1 に基づき追加する。,ok,"Rust Parser で streaming 例を受理済み。cargo test -p reml_frontend spec_core::ch2_stream_301_parses_streaming_example を 2026-02-14 に実行し `run_stream` API を再現。2026-02-16 再実行: 同テストを再度通して AST と戻り値型が保持されることを再確認。 | 2025-12-10 PhaseF: CLI=""cargo run --quiet --manifest-path compiler/rust/frontend/Cargo.toml --bin reml_frontend -- --output json examples/spec_core/chapter2/streaming/core-parse-runstream-demandhint-ok.reml"" / diagnostics=[] / log=reports/spec-audit/ch4/logs/spec_core-20251210T081000Z.md | 2025-12-10 PhaseF rerun: diagnostics=[] / log=reports/spec-audit/ch4/logs/spec_core-20251210T130034Z.md",ok
CH2-OP-401,Runtime,chapter2.parser,docs/spec/2-4-op-builder.md§A-2,invalid,medium,examples/spec_core/chapter2/op_builder/core-opbuilder-level-conflict-error.reml,expected/spec_core/chapter2/op_builder/core-opbuilder-level-conflict-error.diagnostic.json,"[""core.parse.opbuilder.level_conflict""]",none,none,not-required,同一レベルへ異なる fixity を登録した際の `core.parse.opbuilder.level_conflict` 診断をゴールデン化し優先度規則を確認する。,ok,2025-12-10 PhaseF: Rust DSL 復元後に CLI=cargo run --quiet --manifest-path compiler/rust/frontend/Cargo.toml --bin reml_frontend -- --output json examples/spec_core/chapter2/op_builder/core-opbuilder-level-conflict-error.reml で `core.parse.opbuilder.level_conflict` を取得。expected/spec_core/chapter2/op_builder/core-opbuilder-level-conflict-error.diagnostic.json を更新し log=reports/spec-audit/ch4/logs/spec_core-20251210T125446Z.md に記録。 | 2025-12-10 PhaseF rerun: diagnostics=[core.parse.opbuilder.level_conflict] / log=reports/spec-audit/ch4/logs/spec_core-20251210T130034Z.md。`docs/notes/opbuilder-dsl-decisions.md` に仕様決定ログあり。,ok
CH2-PARSE-501,Runtime,chapter2.parser,docs/spec/2-2-core-combinator.md§A-7,canonical,medium,examples/language-impl-comparison/reml/basic_interpreter_combinator.reml,expected/language-impl-comparison/basic_interpreter_combinator.stdout,[],none,none,not-required,Core.Parse コンビネータによる BASIC 風インタープリタの統合例。Packrat と chainl1/chainr1 が CLI で動作することを検証する。,ok,"2025-12-18 CLI=`compiler/rust/frontend/target/debug/reml_frontend --output json examples/language-impl-comparison/reml/basic_interpreter_combinator.reml` / run_id=a6da8419-9a4a-40ef-8648-30aed65f1809 -> diagnostics=[]。lex 側の `identifier/number/string` を label 優先に寄せ、`Parse.fail` の自由文を `Parse.fail_with_expectations` に置換。expected/language-impl-comparison/basic_interpreter_combinator.stdout を更新し Packrat cache entries=42 / queries=126 を確認。",ok
CH2-PARSE-801,Runtime,chapter2.parser,docs/spec/2-2-core-combinator.md§C-1,canonical,medium,examples/spec_core/chapter2/parser_core/core-parse-precedence-builder-ok.reml,expected/spec_core/chapter2/parser_core/core-parse-precedence-builder-ok.stdout,[],none,none,not-required,`expr_builder`（Phase 8 ドラフト）。`operator_table` で OpBuilder/RunConfig から優先度を注入できる経路を追加。zero-copy と streaming resume は対象外。,ok,CLI=compiler/rust/frontend/target/debug/reml_frontend examples/spec_core/chapter2/parser_core/core-parse-precedence-builder-ok.reml（run_id=89811feb-586f-428c-b95b-41263adbda18）で括弧再帰と ternary/infixn を含む入力を `result=33` としてゴールデン化。operator_table override は RunConfig extensions.parse.operator_table で順序上書き可能。 | 2025-12-17 run_id=2d0e6028-f225-484f-ba75-f9ceb3df32a6 CLI=`compiler/rust/frontend/target/debug/reml_frontend --output json examples/spec_core/chapter2/parser_core/core-parse-precedence-builder-ok.reml` / diagnostics=[]（ラムダ引数の `|` 衝突を修正）。,ok
CH2-PARSE-901,Runtime,chapter2.parser,docs/spec/2-2-core-combinator.md§B-2,autowhitespace-layout,medium,examples/spec_core/chapter2/parser_core/core-parse-autowhitespace-layout.reml,expected/spec_core/chapter2/parser_core/core-parse-autowhitespace-layout.stdout,[],none,none,not-required,"autoWhitespace/Layout を RunConfig.extensions[""lex""].layout_profile で共有し、未設定時は cfg.profile の layout_space へフォールバックする経路を CLI/LSP/Streaming で回帰監視する。",pending,CLI 未実行だがサンプル・expected を追加済み。layout_profile 未設定時も Parse.autoWhitespace がフォールバックする設計。,pending
CH2-PARSE-902,Runtime,chapter2.parser,docs/spec/2-2-core-combinator.md§B-3,profile-output,medium,examples/spec_core/chapter2/parser_core/core-parse-profile-output.reml,expected/spec_core/chapter2/parser_core/core-parse-or-commit.profile.json,[],none,none,not-required,"RunConfig.extensions[""parse""].profile/profile_output を有効化し、診断 0 のパースで ParserProfile JSON を best-effort 出力する経路をテストする。",pending,CLI 未実行だがサンプル・expected を追加済み。profile_output 書き込み失敗が診断に影響しないことを PhaseF 実行で確認予定。,pending
CP-WS5-001,Runtime,chapter2.parser,docs/spec/2-1-parser-type.md§B-入力モデル-Input,large-input-order,high,examples/spec_core/chapter2/parser_core/core-parse-large-input-order.reml,expected/spec_core/chapter2/parser_core/core-parse-large-input-order.diagnostic.json,"[""parser.syntax.expected_tokens""]",none,none,not-required,大入力（10MB 級）で Input/Span の更新と Packrat がオーダー異常を起こさないことを監視する（WS5 Step3）。,ok,"2025-12-18 1KB/100KB/1MB/10MB で CLI 実行ログを取得。logs=reports/spec-audit/ch4/logs/spec_core-CP-WS5-001-{1kb,100kb,1mb,10mb}-20251218T203054Z/203055Z/203320Z/211703Z.diagnostic.json / packrat_stats はサイズに対して一定（queries=7 hits=6 entries=1 approx_bytes=893）。",ok
CP-WS5-002,Runtime,chapter2.parser,docs/spec/2-1-parser-type.md§B-入力モデル-Input,unicode-position,high,examples/spec_core/chapter2/parser_core/core-parse-unicode-grapheme-column.reml,expected/spec_core/chapter2/parser_core/core-parse-unicode-grapheme-column.diagnostic.json,"[""parser.syntax.expected_tokens""]",none,none,not-required,Unicode（ZWJ 絵文字など）を含む行で列=グラフェムが崩れないことを固定する（WS5 Step3）。,pending,expected の highlight/location.column をレビューして固定（RunConfig/実装更新で揺れた場合は WS5 Step1/Step2 の不変条件へ差し戻す）。,pending
CH3-TEXT-401,Prelude,chapter3.text,docs/spec/3-3-core-text-unicode.md§4.1,canonical,medium,examples/practical/core_text/unicode/grapheme_nfc_mix.reml,expected/practical/core_text/unicode/grapheme_nfc_mix.stdout,[],none,none,not-required,`Core.Text.graphemes` と `normalize(:nfc)` の往復で Emoji + 合成文字列を損なわないことを確認する。,ok,"2025-12-11 PhaseF: CLI=""cargo run --quiet --manifest-path compiler/rust/frontend/Cargo.toml --bin reml_frontend -- --output json examples/practical/core_text/unicode/grapheme_nfc_mix.reml"" / diagnostics=[] / log=reports/spec-audit/ch4/logs/practical-20251211T083527Z.md / runtime_phase=none (artifact=null). stdout golden=expected/practical/core_text/unicode/grapheme_nfc_mix.stdout (graphemes=2).",ok
CH3-TEXT-402,Prelude,chapter3.text,docs/spec/3-3-core-text-unicode.md§3.3,boundary,medium,examples/practical/core_text/unicode/grapheme_boundary_edge.reml,expected/practical/core_text/unicode/grapheme_boundary_edge.diagnostic.json,[],none,none,not-required,`Text.slice_graphemes` で結合文字を安全に切り出し、diagnostics=[] で完了することを確認する。,ok,"2025-12-11 PhaseF: CLI=""cargo run --quiet --manifest-path compiler/rust/frontend/Cargo.toml --bin reml_frontend -- --output json examples/practical/core_text/unicode/grapheme_boundary_edge.reml"" / diagnostics=[] / log=reports/spec-audit/ch4/logs/practical-20251211T082727Z.md / Example Fix: grapheme 境界安全な API を利用しているため `core.text.unicode.segment_mismatch` を期待しない形に整合させた。",example_fix
CH3-DIAG-501,Runtime,chapter3.diagnostics,docs/spec/3-6-core-diagnostics-audit.md§1.1,canonical,medium,examples/practical/core_diagnostics/audit_envelope/stage_tag_capture.reml,expected/practical/core_diagnostics/audit_envelope/stage_tag_capture.audit.jsonl,[],none,none,not-required,`AuditEnvelope.metadata` に `scenario.id`/`effect.stage.required` を埋め chapter3 §1.1 の契約を満たすことを確認する。,ok,"2025-12-11 PhaseF: CLI=""cargo run --quiet --manifest-path compiler/rust/frontend/Cargo.toml --bin reml_frontend -- --output json examples/practical/core_diagnostics/audit_envelope/stage_tag_capture.reml"" / diagnostics=[] / run_id=ae1f942b-b243-4653-936a-1cd1bb803300 / log=reports/spec-audit/ch4/logs/practical-20251211T085850Z.md。`--emit-audit` で pipeline_started/pipeline_completed に `scenario.id=stage_tag_capture` と `effect.stage.required/actual` を付与 (audit_log=reports/spec-audit/ch4/logs/practical-20251211T085850Z.audit.jsonl)。シナリオ固有 metadata schema（expected/practical/core_diagnostics/audit_envelope/stage_tag_capture.audit.jsonl）は別途整理継続。",ok
CH3-RUNTIME-601,Capability,chapter3.runtime,docs/spec/3-8-core-runtime-capability.md§10.2,boundary,high,examples/practical/core_runtime/capability/stage_mismatch_runtime_bridge.reml,expected/practical/core_runtime/capability/stage_mismatch_runtime_bridge.diagnostic.json,"[""runtime.bridge.stage_mismatch""]",telemetry_bridge,core.audit,StageRequirement::Exact(Stable),RuntimeBridge の stage ポリシーと manifest の要求が食い違った場合に `runtime.bridge.stage_mismatch` を返すことを確認する。,ok,"2026-02-20 CLI=""cargo run --quiet --manifest-path compiler/rust/frontend/Cargo.toml --bin reml_frontend -- --output json examples/practical/core_runtime/capability/stage_mismatch_runtime_bridge.reml"" / run_id=aa50ccd2-05f2-4755-bb8d-73527871b68e -> runtime.bridge.stage_mismatch 1 件を確認。Rust Frontend の runtime 実行フェーズでブリッジ stage mismatch 診断を生成し expected と一致。; 2025-12-11 CLI=""cargo run --quiet --manifest-path compiler/rust/frontend/Cargo.toml --bin reml_frontend -- --output json examples/practical/core_runtime/capability/stage_mismatch_runtime_bridge.reml"" / log=reports/spec-audit/ch4/logs/practical-20251211T014101Z.md / run_id=d91aebaa-d239-4443-adcd-01249a5aa85a でも同診断を再確認。",ok
CH3-ENV-701,IO,chapter3.env,docs/spec/3-10-core-env.md§1,canonical,medium,examples/practical/core_env/envcfg/env_merge_by_profile.reml,expected/practical/core_env/envcfg/env_merge_by_profile.stdout,[],none,core.env.read,StageRequirement::AtLeast(Beta),`core.env.merge_profiles` が `@cfg` と同期して profile ごとの環境差分を出力することを確認する。,ok,"2025-12-11 PhaseF: CLI=""cargo run --quiet --manifest-path compiler/rust/frontend/Cargo.toml --bin reml_frontend -- --output json examples/practical/core_env/envcfg/env_merge_by_profile.reml"" / diagnostics=[] / run_id=2f9ecb5d-3d75-4ba4-92f2-7233b6b00b5b / log=reports/spec-audit/ch4/logs/practical-20251211T091650Z.md / expected stdout=expected/practical/core_env/envcfg/env_merge_by_profile.stdout (https://cli.local)",ok
FFI-CORE-PRELUDE-001,FFI,chapter3.prelude,docs/spec/3-1-core-prelude-iteration.md§3.1,infrastructure,high,compiler/rust/frontend/tests/core_iter_effects.rs,compiler/rust/frontend/tests/snapshots/core_iter_effects__core_iter_effect_labels.snap,[],none,core.iter.core,StageRequirement::AtLeast(Beta),Rust Frontend の `core_iter_*` テスト群で `reml_runtime_ffi` の capability shim を介し Core Prelude Stage/Capability 契約を再現し、Phase4 spec_core スイートの dev-dep 回帰を検出する。,ok,2026-02-17: cd compiler/rust/runtime/ffi && cargo check --features core_prelude / cd compiler/rust/frontend && cargo test core_iter_effects を実行。capability shim で StageRequirement::AtLeast(Beta) / core.iter.core が復元され、`tests/snapshots/core_iter_effects__core_iter_effect_labels.snap` を更新して snapshot 差分ゼロを確認。,ok
CH1-LET-004,Prelude,chapter1.syntax,docs/spec/1-5-formal-grammar-bnf.md§2,invalid,high,examples/spec_core/chapter1/let_binding/bnf-valdecl-missing-initializer-error.reml,expected/spec_core/chapter1/let_binding/bnf-valdecl-missing-initializer-error.diagnostic.json,"[""parser.syntax.expected_tokens""]",none,none,not-required,初期化式を欠落させ parser.syntax.expected_tokens を誘発する。,ok,"2026-02-18 PhaseF: Parser エラー時は TypecheckDriver をスキップする実装に切り替え、CLI=""cargo run --manifest-path compiler/rust/frontend/Cargo.toml --bin reml_frontend -- --output json examples/spec_core/chapter1/let_binding/bnf-valdecl-missing-initializer-error.reml"" で `parser.syntax.expected_tokens` のみとなることを確認し expected/spec_core/chapter1/let_binding/bnf-valdecl-missing-initializer-error.diagnostic.json を生成。",impl_fix
CH1-MATCH-004,Prelude,chapter1.syntax,docs/spec/1-5-formal-grammar-bnf.md§4,invalid,high,examples/spec_core/chapter1/match_expr/bnf-matchexpr-missing-arrow-error.reml,expected/spec_core/chapter1/match_expr/bnf-matchexpr-missing-arrow-error.diagnostic.json,"[""parser.syntax.expected_tokens""]",none,none,not-required,`->` 欠落により構文エラーを明示する。,ok,2025-12-08 triage_spec_core_failures.py で想定外診断 (typeck.aborted.ast_unavailable) を記録し pending。 | 2025-12-10 CLI=cargo run --quiet --manifest-path compiler/rust/frontend/Cargo.toml --bin reml_frontend -- --output json examples/spec_core/chapter1/match_expr/bnf-matchexpr-missing-arrow-error.reml / diagnostics=[parser.syntax.expected_tokens] / log=reports/spec-audit/ch4/logs/spec_core-20251210T073321Z.md / expected diagnostics JSON を追加して resolution=ok。,impl_fix
CH1-MATCH-005,Prelude,chapter1.syntax,docs/spec/1-5-formal-grammar-bnf.md§4,alias-record,high,examples/spec_core/chapter1/match_expr/bnf-matchexpr-alias-record-ok.reml,expected/spec_core/chapter1/match_expr/bnf-matchexpr-alias-record-ok.stdout,[],none,none,not-required,RecordPattern と MatchAlias を併用しレコードの部分束縛と全体参照を両立する受理例。,ok,2025-12-12 CLI=cargo run --manifest-path compiler/rust/frontend/Cargo.toml --bin reml_frontend -- --output json examples/spec_core/chapter1/match_expr/bnf-matchexpr-alias-record-ok.reml / diagnostics=[] / stdout=expected/spec_core/chapter1/match_expr/bnf-matchexpr-alias-record-ok.stdout,ok
CH1-MATCH-006,Prelude,chapter1.syntax,docs/spec/1-5-formal-grammar-bnf.md§4,guard-result,high,examples/spec_core/chapter1/match_expr/bnf-matchexpr-result-guard-else-ok.reml,expected/spec_core/chapter1/match_expr/bnf-matchexpr-result-guard-else-ok.stdout,[],none,none,not-required,Result に対する `when` ガードと `Err` 分岐で偶奇判定を行う受理例。,ok,2025-12-12 CLI=cargo run --manifest-path compiler/rust/frontend/Cargo.toml --bin reml_frontend -- --output json examples/spec_core/chapter1/match_expr/bnf-matchexpr-result-guard-else-ok.reml / diagnostics=[] / stdout=expected/spec_core/chapter1/match_expr/bnf-matchexpr-result-guard-else-ok.stdout | backend_llvm_ir_log=reports/spec-audit/ch4/logs/match-ir-20251217T081600Z.md / backend_test=integration::tests::llvm_ir_result_guard_else_has_ctor_payload_and_guard_eval,ok
CH1-MATCH-007,Prelude,chapter1.syntax,docs/spec/1-1-syntax.md§C.3,canonical,high,examples/spec_core/chapter1/match_expr/bnf-match-or-pattern-ok.reml,expected/spec_core/chapter1/match_expr/bnf-match-or-pattern-ok.stdout,[],none,none,not-required,"Or パターンの成功例。`Some(""A"" | ""B"")` を左結合で受理する。",ok,2025-12-17 run_id=75d87e09-7a6f-443e-ad44-ae1ffd3f33cd CLI=`compiler/rust/frontend/target/debug/reml_frontend --output json examples/spec_core/chapter1/match_expr/bnf-match-or-pattern-ok.reml` で診断 0（`diagnostics[].code=[]`）を確認（expected は維持）。,ok
CH1-MATCH-008,Prelude,chapter1.syntax,docs/spec/1-1-syntax.md§C.3,invalid,high,examples/spec_core/chapter1/match_expr/bnf-match-or-pattern-unreachable.reml,expected/spec_core/chapter1/match_expr/bnf-match-or-pattern-unreachable.diagnostic.json,"[""pattern.unreachable_arm""]",none,none,not-required,先行 `_` により後続アームが到達不能となる Or パターン例。,ok,2025-12-17 run_id=44531c02-dd06-4f9e-a0e7-c9f9be07ede9 CLI=`compiler/rust/frontend/target/debug/reml_frontend --output json examples/spec_core/chapter1/match_expr/bnf-match-or-pattern-unreachable.reml` で `pattern.unreachable_arm` のみ（`diagnostics[].code=["pattern.unreachable_arm"]`）を確認（expected は維持）。,impl_fix
CH1-MATCH-009,Prelude,chapter1.syntax,docs/spec/1-1-syntax.md§C.3,canonical,high,examples/spec_core/chapter1/match_expr/bnf-match-slice-head-tail-ok.reml,expected/spec_core/chapter1/match_expr/bnf-match-slice-head-tail-ok.stdout,[],none,none,not-required,"スライスパターン `[head, ..tail]` の成功例。`..` は 1 回のみ。",ok,2025-12-17 run_id=41af4ca1-93c2-4602-b7f9-d2f76ccca0c8 CLI=`compiler/rust/frontend/target/debug/reml_frontend --output json examples/spec_core/chapter1/match_expr/bnf-match-slice-head-tail-ok.reml` で診断 0（`diagnostics[].code=[]`）を確認（expected は維持）。,ok
CH1-MATCH-010,Prelude,chapter1.syntax,docs/spec/1-1-syntax.md§C.3,invalid,high,examples/spec_core/chapter1/match_expr/bnf-match-slice-multiple-rest.reml,expected/spec_core/chapter1/match_expr/bnf-match-slice-multiple-rest.diagnostic.json,"[""pattern.slice.multiple_rest""]",none,none,not-required,"`[..a, 0, ..b]` で `..` を複数回使用する意地悪例。",ok,2025-12-17 run_id=88c29d39-cad3-445c-915e-59b63fdfb764 CLI=compiler/rust/frontend/target/debug/reml_frontend --output json examples/spec_core/chapter1/match_expr/bnf-match-slice-multiple-rest.reml > expected/spec_core/chapter1/match_expr/bnf-match-slice-multiple-rest.diagnostic.json,impl_fix
CH1-MATCH-011,Prelude,chapter1.syntax,docs/spec/1-1-syntax.md§C.3,canonical,high,examples/spec_core/chapter1/match_expr/bnf-match-range-inclusive-ok.reml,expected/spec_core/chapter1/match_expr/bnf-match-range-inclusive-ok.stdout,[],none,none,not-required,閉区間 `1..=10` の成功例。,ok,2025-12-17 run_id=9ea51538-b07a-4a0b-aa64-d205aa996cfc CLI=compiler/rust/frontend/target/debug/reml_frontend --output json examples/spec_core/chapter1/match_expr/bnf-match-range-inclusive-ok.reml > expected/spec_core/chapter1/match_expr/bnf-match-range-inclusive-ok.stdout,ok
CH1-MATCH-012,Prelude,chapter1.syntax,docs/spec/1-1-syntax.md§C.3,invalid,high,examples/spec_core/chapter1/match_expr/bnf-match-range-bound-inverted.reml,expected/spec_core/chapter1/match_expr/bnf-match-range-bound-inverted.diagnostic.json,"[""pattern.range.bound_inverted""]",none,none,not-required,上下限を逆転させた範囲パターンのエラー例。,ok,2025-12-17 run_id=2c5a3fb9-2a62-42eb-85d1-476734a6399f CLI=compiler/rust/frontend/target/debug/reml_frontend --output json examples/spec_core/chapter1/match_expr/bnf-match-range-bound-inverted.reml > expected/spec_core/chapter1/match_expr/bnf-match-range-bound-inverted.diagnostic.json,impl_fix
CH1-MATCH-013,Prelude,chapter1.syntax,docs/spec/1-1-syntax.md§C.3,canonical,high,examples/spec_core/chapter1/match_expr/bnf-match-binding-as-ok.reml,expected/spec_core/chapter1/match_expr/bnf-match-binding-as-ok.stdout,[],none,none,not-required,`pat as name` のエイリアス成功例。,ok,2025-12-17 run_id=8c3941a1-11af-4585-860c-c37d798cb7f6 CLI=compiler/rust/frontend/target/debug/reml_frontend --output json examples/spec_core/chapter1/match_expr/bnf-match-binding-as-ok.reml > expected/spec_core/chapter1/match_expr/bnf-match-binding-as-ok.stdout,ok
CH1-MATCH-014,Prelude,chapter1.syntax,docs/spec/1-1-syntax.md§C.3,invalid,high,examples/spec_core/chapter1/match_expr/bnf-match-binding-duplicate.reml,expected/spec_core/chapter1/match_expr/bnf-match-binding-duplicate.diagnostic.json,"[""pattern.binding.duplicate_name""]",none,none,not-required,`name @ Some(name)` の重複束縛でエラーを期待するケース。,ok,2025-12-17 run_id=11fe4a17-11d8-4c71-9007-5e1716708216 CLI=compiler/rust/frontend/target/debug/reml_frontend --output json examples/spec_core/chapter1/match_expr/bnf-match-binding-duplicate.reml > expected/spec_core/chapter1/match_expr/bnf-match-binding-duplicate.diagnostic.json,ok
CH1-MATCH-015,Prelude,chapter1.syntax,docs/spec/1-1-syntax.md§C.3,canonical,high,examples/spec_core/chapter1/match_expr/bnf-match-regex-ok.reml,expected/spec_core/chapter1/match_expr/bnf-match-regex-ok.stdout,[],none,none,not-required,"正規表現パターン `r""^\\d+$"" as digits` の成功例。",ok,2025-12-17 run_id=990561ce-b029-48d1-a340-6ba37da86815 CLI=compiler/rust/frontend/target/debug/reml_frontend --output json examples/spec_core/chapter1/match_expr/bnf-match-regex-ok.reml > expected/spec_core/chapter1/match_expr/bnf-match-regex-ok.stdout,ok
CH1-MATCH-016,Prelude,chapter1.syntax,docs/spec/1-1-syntax.md§C.3,invalid,high,examples/spec_core/chapter1/match_expr/bnf-match-regex-unsupported-target.reml,expected/spec_core/chapter1/match_expr/bnf-match-regex-unsupported-target.diagnostic.json,"[""pattern.regex.unsupported_target""]",none,none,not-required,非文字列ターゲットへ正規表現パターンを適用するエラー例。,ok,2025-12-17 run_id=73125b10-e4c1-4e93-b859-7a047763cd07 CLI=compiler/rust/frontend/target/debug/reml_frontend --output json examples/spec_core/chapter1/match_expr/bnf-match-regex-unsupported-target.reml > expected/spec_core/chapter1/match_expr/bnf-match-regex-unsupported-target.diagnostic.json,ok
CH1-MATCH-017,Prelude,chapter1.syntax,docs/spec/1-1-syntax.md§C.3,alternate,medium,examples/spec_core/chapter1/match_expr/bnf-match-active-or-combined.reml,expected/spec_core/chapter1/match_expr/bnf-match-active-or-combined.stdout,[],none,none,not-required,Active Pattern と Or パターンの併用成功例。,ok,2025-12-17 run_id=6e6f5950-11b3-482f-8a6e-d929c7b1dc84 CLI=compiler/rust/frontend/target/debug/reml_frontend --output json examples/spec_core/chapter1/match_expr/bnf-match-active-or-combined.reml > expected/spec_core/chapter1/match_expr/bnf-match-active-or-combined.stdout,ok
CH1-MATCH-018,Prelude,chapter1.syntax,docs/spec/1-1-syntax.md§C.3,invalid,medium,examples/spec_core/chapter1/match_expr/bnf-match-active-effect-violation.reml,expected/spec_core/chapter1/match_expr/bnf-match-active-effect-violation.diagnostic.json,"[""pattern.active.effect_violation""]",none,none,not-required,`@pure` Active Pattern 内で副作用を発生させるエラー例。,ok,2025-12-17 run_id=e841f4d8-be29-4948-b931-2943b4522208 CLI=compiler/rust/frontend/target/debug/reml_frontend --output json examples/spec_core/chapter1/match_expr/bnf-match-active-effect-violation.reml > expected/spec_core/chapter1/match_expr/bnf-match-active-effect-violation.diagnostic.json,ok
CH1-ACT-001,Prelude,chapter1.syntax,docs/spec/1-1-syntax.md§C.3,partial,high,examples/spec_core/chapter1/active_patterns/bnf-activepattern-partial-ok.reml,expected/spec_core/chapter1/active_patterns/bnf-activepattern-partial-ok.stdout,[],none,none,not-required,部分アクティブパターン `(|IsFoo|_|)` の成功経路を検証する最小例。,ok,2025-12-17 run_id=7dcb5998-a7e7-434a-a2a9-feb58584f396 CLI=compiler/rust/frontend/target/debug/reml_frontend --output json examples/spec_core/chapter1/active_patterns/bnf-activepattern-partial-ok.reml > expected/spec_core/chapter1/active_patterns/bnf-activepattern-partial-ok.stdout,ok
CH1-ACT-002,Prelude,chapter1.syntax,docs/spec/1-1-syntax.md§C.3,guard,high,examples/spec_core/chapter1/active_patterns/bnf-activepattern-guard-ok.reml,expected/spec_core/chapter1/active_patterns/bnf-activepattern-guard-ok.stdout,[],none,none,not-required,ガード併用の部分アクティブパターンで閾値判定を行う受理例。,ok,2025-12-17 run_id=d8278258-cb8a-48f5-9793-12d33d7032f7 CLI=compiler/rust/frontend/target/debug/reml_frontend --output json examples/spec_core/chapter1/active_patterns/bnf-activepattern-guard-ok.reml > expected/spec_core/chapter1/active_patterns/bnf-activepattern-guard-ok.stdout,ok
CH1-ACT-003,Prelude,chapter1.syntax,docs/spec/1-1-syntax.md§C.3,invalid,high,examples/spec_core/chapter1/active_patterns/bnf-activepattern-return-contract-error.reml,expected/spec_core/chapter1/active_patterns/bnf-activepattern-return-contract-error.diagnostic.json,"[""pattern.active.return_contract_invalid""]",none,none,not-required,Active Pattern が Result を返した場合に戻り値契約違反を報告する診断例。,ok,2025-12-17 run_id=b5cc6346-bcc5-44cd-80ad-c810a1321fe8 CLI=compiler/rust/frontend/target/debug/reml_frontend --output json examples/spec_core/chapter1/active_patterns/bnf-activepattern-return-contract-error.reml > expected/spec_core/chapter1/active_patterns/bnf-activepattern-return-contract-error.diagnostic.json,ok
CH1-BLOCK-001,Prelude,chapter1.syntax,docs/spec/1-5-formal-grammar-bnf.md§4,invalid,medium,examples/spec_core/chapter1/block/bnf-block-unclosed-brace-error.reml,expected/spec_core/chapter1/block/bnf-block-unclosed-brace-error.diagnostic.json,"[""parser.syntax.expected_tokens""]",none,none,not-required,`}` が無いブロック終端エラーを再現する。,ok,"Phase4 backlog：診断 JSON を作成する。 | 2025-12-08 triage_spec_core_failures.py (spec_core) で spec_fix 判定: Diagnostics コードの集合が期待と一致しません / log=reports/spec-audit/ch4/logs/spec_core-20251208T173235Z.md / CLI=""compiler/rust/frontend/target/debug/reml_frontend --output json /Users/dolphilia/github/kestrel/examples/spec_core/chapter1/block/bnf-block-unclosed-brace-error.reml"" / 期待=parser.syntax.expected_tokens / 実際=parser.syntax.expected_tokens, typeck.aborted.ast_unavailable | 2025-12-10 Spec Fix: CLI=`cargo run --quiet --manifest-path compiler/rust/frontend/Cargo.toml --bin reml_frontend -- --output json examples/spec_core/chapter1/block/bnf-block-unclosed-brace-error.reml` / log=reports/spec-audit/ch4/logs/spec_core-20251210T075036Z.md / diagnostics=`parser.syntax.expected_tokens` のみ。`expected/spec_core/chapter1/block/bnf-block-unclosed-brace-error.diagnostic.json` をゴールデンとして追加。",spec_fix
CH1-IF-101,Prelude,chapter1.syntax,docs/spec/1-1-syntax.md§C.4,canonical,high,examples/spec_core/chapter1/control_flow/bnf-ifexpr-blocks-ok.reml,expected/spec_core/chapter1/control_flow/bnf-ifexpr-blocks-ok.stdout,[],none,none,not-required,if-then-else でブロック値が返る基本例。,ok,2025-12-09 PhaseF: CLI=cargo run --quiet --manifest-path compiler/rust/frontend/Cargo.toml --bin reml_frontend -- --output json examples/spec_core/chapter1/control_flow/bnf-ifexpr-blocks-ok.reml / log=reports/spec-audit/ch4/logs/spec_core-20251209T220319Z.md / diagnostics=[],impl_fix
CH1-IF-102,Prelude,chapter1.syntax,docs/spec/1-1-syntax.md§C.4,boundary,high,examples/spec_core/chapter1/control_flow/bnf-ifexpr-missing-else-type-mismatch.reml,expected/spec_core/chapter1/control_flow/bnf-ifexpr-missing-else-type-mismatch.diagnostic.json,"[""parser.syntax.expected_tokens""]",none,none,not-required,else 省略で非 Unit を返そうとした型不一致の境界例。,ok,2025-12-09 PhaseF: CLI=cargo run --quiet --manifest-path compiler/rust/frontend/Cargo.toml --bin reml_frontend -- --output json examples/spec_core/chapter1/control_flow/bnf-ifexpr-missing-else-type-mismatch.reml / log=reports/spec-audit/ch4/logs/spec_core-20251209T220319Z.md / diagnostics=[parser.syntax.expected_tokens],impl_fix
CH1-LOOP-101,Prelude,chapter1.syntax,docs/spec/1-1-syntax.md§C.4,canonical,medium,examples/spec_core/chapter1/control_flow/bnf-loopexpr-break-value-ok.reml,expected/spec_core/chapter1/control_flow/bnf-loopexpr-break-value-ok.stdout,[],none,none,not-required,loop から break 値を返す最小例。,ok,2025-12-09 PhaseF: CLI=cargo run --quiet --manifest-path compiler/rust/frontend/Cargo.toml --bin reml_frontend -- --output json examples/spec_core/chapter1/control_flow/bnf-loopexpr-break-value-ok.reml / log=reports/spec-audit/ch4/logs/spec_core-20251209T220319Z.md / diagnostics=[] / サンプルは Strict value restriction 対応のため `var counter: Int` + `else { continue }` へ更新,example_fix
CH1-LOOP-102,Prelude,chapter1.syntax,docs/spec/1-1-syntax.md§C.4,invalid,medium,examples/spec_core/chapter1/control_flow/bnf-loopexpr-unreachable-code.reml,expected/spec_core/chapter1/control_flow/bnf-loopexpr-unreachable-code.diagnostic.json,"[""language.control_flow.unreachable""]",none,none,not-required,break 後に到達不能な式が残る診断例。,ok,2025-12-09 PhaseF: CLI=cargo run --quiet --manifest-path compiler/rust/frontend/Cargo.toml --bin reml_frontend -- --output json examples/spec_core/chapter1/control_flow/bnf-loopexpr-unreachable-code.reml / log=reports/spec-audit/ch4/logs/spec_core-20251209T220319Z.md / diagnostics=[language.control_flow.unreachable]（2 箇所）,impl_fix
CH1-WHILE-101,Prelude,chapter1.syntax,docs/spec/1-1-syntax.md§C.4,canonical,medium,examples/spec_core/chapter1/control_flow/bnf-whileexpr-condition-bool-ok.reml,expected/spec_core/chapter1/control_flow/bnf-whileexpr-condition-bool-ok.stdout,[],none,none,not-required,Bool 条件で while を評価するケース。,ok,2025-12-09 PhaseF: CLI=cargo run --quiet --manifest-path compiler/rust/frontend/Cargo.toml --bin reml_frontend -- --output json examples/spec_core/chapter1/control_flow/bnf-whileexpr-condition-bool-ok.reml / log=reports/spec-audit/ch4/logs/spec_core-20251209T220319Z.md / diagnostics=[] / `var current: Int = start` に修正して value restriction を回避,example_fix
CH1-WHILE-102,Prelude,chapter1.syntax,docs/spec/1-1-syntax.md§C.4,boundary,medium,examples/spec_core/chapter1/control_flow/bnf-whileexpr-condition-type-error.reml,expected/spec_core/chapter1/control_flow/bnf-whileexpr-condition-type-error.diagnostic.json,"[""parser.lexer.unknown_token"",""parser.syntax.expected_tokens""]",none,none,not-required,Bool 以外を条件に使った拒否診断。,ok,"2025-12-09 PhaseF: CLI=cargo run --quiet --manifest-path compiler/rust/frontend/Cargo.toml --bin reml_frontend -- --output json examples/spec_core/chapter1/control_flow/bnf-whileexpr-condition-type-error.reml / log=reports/spec-audit/ch4/logs/spec_core-20251209T220319Z.md / diagnostics=[parser.lexer.unknown_token ×4, parser.syntax.expected_tokens]",impl_fix
CH1-FOR-101,Prelude,chapter1.syntax,docs/spec/1-1-syntax.md§C.4,canonical,medium,examples/spec_core/chapter1/control_flow/bnf-forexpr-iterator-pattern-ok.reml,expected/spec_core/chapter1/control_flow/bnf-forexpr-iterator-pattern-ok.stdout,[],none,none,not-required,Pattern でイテレータ要素を分解する for 式。,ok,2025-12-09 PhaseF: CLI=cargo run --quiet --manifest-path compiler/rust/frontend/Cargo.toml --bin reml_frontend -- --output json examples/spec_core/chapter1/control_flow/bnf-forexpr-iterator-pattern-ok.reml / log=reports/spec-audit/ch4/logs/spec_core-20251209T220319Z.md / diagnostics=[] / `var acc: Int = 0` へ注釈を追加,example_fix
CH1-FOR-102,Prelude,chapter1.syntax,docs/spec/1-1-syntax.md§C.4,invalid,medium,examples/spec_core/chapter1/control_flow/bnf-forexpr-iterator-invalid-type.reml,expected/spec_core/chapter1/control_flow/bnf-forexpr-iterator-invalid-type.diagnostic.json,"[""language.iterator.expected""]",none,none,not-required,非イテレータ値を `for` に渡す診断例。,ok,2025-12-09 PhaseF: CLI=cargo run --quiet --manifest-path compiler/rust/frontend/Cargo.toml --bin reml_frontend -- --output json examples/spec_core/chapter1/control_flow/bnf-forexpr-iterator-invalid-type.reml / log=reports/spec-audit/ch4/logs/spec_core-20251209T220319Z.md / diagnostics=[language.iterator.expected],impl_fix
CH1-LIT-201,Prelude,chapter1.syntax,docs/spec/1-1-syntax.md§C.2,boundary,medium,examples/spec_core/chapter1/literals/bnf-literal-int-boundary-max.reml,expected/spec_core/chapter1/literals/bnf-literal-int-boundary-max.stdout,[],none,none,not-required,i64 最大値を下線区切りで表す境界テスト。,ok,2025-12-10 PhaseF: CLI=cargo run --quiet --manifest-path compiler/rust/frontend/Cargo.toml --bin reml_frontend -- --output json examples/spec_core/chapter1/literals/bnf-literal-int-boundary-max.reml / log=reports/spec-audit/ch4/logs/spec_core-20251210T065012Z.md / diagnostics=[]。stdout を expected/spec_core/chapter1/literals/bnf-literal-int-boundary-max.stdout として固定。,ok
CH1-LIT-202,Prelude,chapter1.syntax,docs/spec/1-1-syntax.md§C.2,alternate,medium,examples/spec_core/chapter1/literals/bnf-literal-float-forms.reml,expected/spec_core/chapter1/literals/bnf-literal-float-forms.stdout,[],none,none,not-required,指数表記や大文字 E を含む浮動小数リテラル例。,ok,2025-12-10 PhaseF: parser/mod.rs に FloatLiteral パーサを復活させ、Expr::float/ tests/spec_core::ch1_lit_202_parses_float_literal_forms で回帰テスト化。CLI=cargo run --quiet --manifest-path compiler/rust/frontend/Cargo.toml --bin reml_frontend -- --output json examples/spec_core/chapter1/literals/bnf-literal-float-forms.reml / log=reports/spec-audit/ch4/logs/spec_core-20251210T065012Z.md / diagnostics=[]。expected/spec_core/chapter1/literals/bnf-literal-float-forms.stdout を更新。,impl_fix
CH1-LIT-203,Prelude,chapter1.syntax,docs/spec/1-1-syntax.md§C.2,alternate,medium,examples/spec_core/chapter1/literals/bnf-literal-string-raw-multiline.reml,expected/spec_core/chapter1/literals/bnf-literal-string-raw-multiline.stdout,[],none,none,not-required,raw 文字列と複数行文字列を並記する。,ok,2025-12-10 PhaseF: CLI=cargo run --quiet --manifest-path compiler/rust/frontend/Cargo.toml --bin reml_frontend -- --output json examples/spec_core/chapter1/literals/bnf-literal-string-raw-multiline.reml / log=reports/spec-audit/ch4/logs/spec_core-20251210T065012Z.md / diagnostics=[]。stdout を expected/spec_core/chapter1/literals/bnf-literal-string-raw-multiline.stdout に固定。,ok
CH1-TYPE-202,Prelude,chapter1.syntax,docs/spec/1-1-syntax.md§B.4,alternate,medium,examples/spec_core/chapter1/type_decl/bnf-typedecl-alias-generic-ok.reml,expected/spec_core/chapter1/type_decl/bnf-typedecl-alias-generic-ok.stdout,[],none,none,not-required,ジェネリック alias を入れ子で定義する例。,ok,"2025-12-09 PhaseF: type_decl parser が `type alias` + generics を受理するよう更新し CLI=""cargo run --manifest-path compiler/rust/frontend/Cargo.toml --bin reml_frontend -- --output json examples/spec_core/chapter1/type_decl/bnf-typedecl-alias-generic-ok.reml"" で diagnostics=[] を確認。log=reports/spec-audit/ch4/logs/spec_core-20251209T145714Z.md に RunConfig を記録。",ok
CH1-TYPE-203,Prelude,chapter1.syntax,docs/spec/1-1-syntax.md§B.4,alternate,medium,examples/spec_core/chapter1/type_decl/bnf-typedecl-new-struct-ok.reml,expected/spec_core/chapter1/type_decl/bnf-typedecl-new-struct-ok.stdout,[],none,none,not-required,`type Name = new { ... }` の構造体ラッパを示す。,ok,"2025-12-09 PhaseF: `type Name = new { ... }` を parser で受理できるよう `new` ブロックを専用ボディとして復元（ジェネリック span と AST 追跡付き）。CLI=""cargo run --manifest-path compiler/rust/frontend/Cargo.toml --bin reml_frontend -- --output json examples/spec_core/chapter1/type_decl/bnf-typedecl-new-struct-ok.reml"" / log=reports/spec-audit/ch4/logs/spec_core-20251209T145714Z.md で diagnostics=[] を再確認。",ok
CH1-FN-102,Prelude,chapter1.syntax,docs/spec/1-1-syntax.md§B.4,canonical,medium,examples/spec_core/chapter1/fn_decl/bnf-fndecl-no-args-ok.reml,expected/spec_core/chapter1/fn_decl/bnf-fndecl-no-args-ok.stdout,[],none,none,not-required,引数無し関数の宣言と呼び出しを示す。,pending,Phase4 backlog：stdout を取得する。,pending
CH1-FN-103,Prelude,chapter1.syntax,docs/spec/1-1-syntax.md§B.4,invalid,medium,examples/spec_core/chapter1/fn_decl/bnf-fndecl-return-inference-error.reml,expected/spec_core/chapter1/fn_decl/bnf-fndecl-return-inference-error.diagnostic.json,"[""language.inference.return_conflict""]",none,none,not-required,戻り値注釈無しで分岐戻り型が衝突する推論エラー。,ok,2025-12-17 run_id=af5fcace-c319-4fd7-be6f-bb0a9a070fea CLI=`compiler/rust/frontend/target/debug/reml_frontend --output json examples/spec_core/chapter1/fn_decl/bnf-fndecl-return-inference-error.reml > expected/spec_core/chapter1/fn_decl/bnf-fndecl-return-inference-error.diagnostic.json` / diagnostics=`language.inference.return_conflict`,impl_fix
CH1-LAMBDA-101,Prelude,chapter1.syntax,docs/spec/1-1-syntax.md§C.5,canonical,medium,examples/spec_core/chapter1/lambda/bnf-lambda-closure-capture-ok.reml,expected/spec_core/chapter1/lambda/bnf-lambda-closure-capture-ok.stdout,[],none,none,not-required,外側変数を捕捉するラムダを示す。,impl_fix,"Phase4 backlog：stdout を取得する。 | 2025-12-08 triage_spec_core_failures.py (spec_core) で impl_fix 判定: 期待診断なしのシナリオで Diagnostics が発生しました / log=reports/spec-audit/ch4/logs/spec_core-20251208T173235Z.md / CLI=""compiler/rust/frontend/target/debug/reml_frontend --output json /Users/dolphilia/github/kestrel/examples/spec_core/chapter1/lambda/bnf-lambda-closure-capture-ok.reml"" / 期待=(none) / 実際=parser.syntax.expected_tokens, typeck.aborted.ast_unavailable",pending
CH1-LAMBDA-102,Prelude,chapter1.syntax,docs/spec/1-1-syntax.md§C.5,alternate,medium,examples/spec_core/chapter1/lambda/bnf-lambda-arg-pattern.reml,expected/spec_core/chapter1/lambda/bnf-lambda-arg-pattern.stdout,[],none,none,not-required,パターン引数を用いたラムダの短縮形。,ok,"2025-12-17 run_id=de179f67-9848-46b1-888a-3d048b5512cc CLI=`compiler/rust/frontend/target/debug/reml_frontend --output json examples/spec_core/chapter1/lambda/bnf-lambda-arg-pattern.reml` / diagnostics=[]（ラムダ引数のパターンを Or-pattern と誤解釈しないよう、ラムダ引数では Or-pattern を無効化）。",impl_fix
CP-WS3-001,Runtime,chapter2.parser,docs/spec/2-3-lexer.md§L-4,lexpack-basic,medium,examples/spec_core/chapter2/parser_core/core-parse-lexpack-basic.reml,expected/spec_core/chapter2/parser_core/core-parse-lexpack-basic.diagnostic.json,"[""parser.syntax.expected_tokens""]",none,none,not-required,"LexPack 入口で space/comment を共有し identifier/number/string ラベルを保持する最小サンプル。",pending,"CLI: compiler/rust/frontend/target/debug/reml_frontend --parse-driver --output json examples/spec_core/chapter2/parser_core/core-parse-lexpack-basic.reml。parse-driver はファイル内の最初の `Parse.run(\"...\" )` から入力文字列を抽出するため、本サンプル冒頭のコメント `Parse.run(\"alpha = ;\")` を失敗入力として使用し、expected_tokens に identifier/number/string が出ることを確認する。",pending
CP-WS6-001,Runtime,chapter2.parser,docs/spec/2-5-error.md§D-6,boundary,medium,examples/spec_core/chapter2/parser_core/core-parse-left-recursion-direct.reml,expected/spec_core/chapter2/parser_core/core-parse-left-recursion-direct.expected.md,"[""E4001""]",none,none,not-required,"左再帰を直接書いた場合の検出（E4001）を固定する。RunConfig.left_recursion=\"off\" で実行。",ok,"CLI: compiler/rust/frontend/target/debug/reml_frontend --parse-driver --parse-driver-left-recursion-parser --parse-driver-packrat on --parse-driver-left-recursion off --output json examples/spec_core/chapter2/parser_core/core-parse-left-recursion-direct.reml / log=reports/spec-audit/ch4/logs/spec_core-CP-WS6-001-20251218T233918Z.diagnostic.json",ok
CP-WS6-002,Runtime,chapter2.parser,docs/spec/2-2-core-combinator.md§B-3,observability,medium,examples/spec_core/chapter2/parser_core/core-parse-left-recursion-slow.reml,expected/spec_core/chapter2/parser_core/core-parse-left-recursion-slow.expected.md,[],none,none,not-required,"左再帰ガードの profile 指標を観測する。RunConfig.left_recursion=\"on\" と profile を有効化。",ok,"CLI: compiler/rust/frontend/target/debug/reml_frontend --parse-driver --parse-driver-left-recursion-parser --parse-driver-packrat on --parse-driver-left-recursion on --parse-driver-profile-output expected/spec_core/chapter2/parser_core/core-parse-left-recursion-slow.profile.json --output json examples/spec_core/chapter2/parser_core/core-parse-left-recursion-slow.reml / profile_output=expected/spec_core/chapter2/parser_core/core-parse-left-recursion-slow.profile.json / left_recursion_guard_hits=1",ok
FFI-BINDGEN-001,FFI,chapter3.ffi,docs/spec/3-9-core-async-ffi-unsafe.md§2.10,canonical,high,examples/ffi/bindgen/minimal/reml-bindgen.toml,expected/ffi/bindgen/minimal/counter_bindings.reml,[],none,core.ffi,StageRequirement::AtLeast(Beta),reml-bindgen の最小生成物を検証し manifest と合わせて差分監査する。,pending,manifest は expected/ffi/bindgen/minimal/bindings.manifest.json と一致することを確認する。,pending
FFI-DSL-001,FFI,chapter3.ffi,docs/spec/3-9-core-async-ffi-unsafe.md§2.4,canonical,high,examples/ffi/dsl/wrapped_safe.reml,expected/ffi/dsl/wrapped_safe.audit.json,[],none,core.ffi,StageRequirement::AtLeast(Beta),ffi.wrap の監査メタデータと ffi.call ログを確認し unsafe 直呼びとの差分を固定する。,pending,unsafe 直呼びは expected/ffi/dsl/unsafe_direct.audit.json を参照する。,pending
FFI-BUILD-001,FFI,chapter3.ffi,docs/spec/3-9-core-async-ffi-unsafe.md§2.10.1,boundary,high,docs/guides/ffi-build-integration-guide.md,reports/spec-audit/ch4/logs/ffi-build-*.md,[],none,core.ffi,StageRequirement::AtLeast(Beta),reml build の FFI セクション検証と ffi.build.* 監査ログの出力を記録する。,pending,reml.json と reml-bindgen 実行ログの採取手順をガイドに合わせて整理する。,pending
FFI-WIT-001,FFI,chapter3.ffi,docs/spec/3-9-core-async-ffi-unsafe.md§9.2,doc,medium,docs/notes/ffi-wasm-component-model-log.md,docs/guides/ffi-wit-poc.md,[],none,none,not-required,WIT 調査ログと PoC 手順の更新内容を Phase4 回帰対象として固定する。,pending,WIT PoC 実施時に外部ツール名と生成物パスを追記する。,pending
CH3-TEST-401,Test,chapter3.test,docs/spec/3-11-core-test.md§2,canonical,high,examples/practical/core_test/snapshot/basic_ok.reml,expected/practical/core_test/snapshot/basic_ok.stdout,[],none,none,not-required,Core.Test スナップショットの最小例を固定する。,ok,"CLI=cargo run --manifest-path compiler/rust/frontend/Cargo.toml --bin reml_frontend -- --output json examples/practical/core_test/snapshot/basic_ok.reml / diagnostics=[] / log=reports/spec-audit/ch4/logs/stdlib-test-20251219.md / expected は CLI JSON 出力へ暫定合わせ",ok
CH3-TEST-402,Test,chapter3.test,docs/spec/3-11-core-test.md§3,canonical,medium,examples/practical/core_test/table/basic_ok.reml,expected/practical/core_test/table/basic_ok.stdout,[],none,none,not-required,Core.Test テーブル駆動の最小例を固定する。,ok,"CLI=cargo run --manifest-path compiler/rust/frontend/Cargo.toml --bin reml_frontend -- --output json examples/practical/core_test/table/basic_ok.reml / diagnostics=[] / log=reports/spec-audit/ch4/logs/stdlib-test-20251219.md",ok
CH3-TEST-403,Test,chapter3.test,docs/spec/3-11-core-test.md§4,canonical,medium,examples/practical/core_test/fuzz/basic_ok.reml,expected/practical/core_test/fuzz/basic_ok.stdout,[],none,none,not-required,Core.Test ファズの最小例を固定する。,ok,"CLI=cargo run --manifest-path compiler/rust/frontend/Cargo.toml --bin reml_frontend -- --output json examples/practical/core_test/fuzz/basic_ok.reml / diagnostics=[] / log=reports/spec-audit/ch4/logs/stdlib-test-20251219.md",ok
CH3-TEST-410,Test,chapter3.test,docs/spec/3-11-core-test.md§7,canonical,medium,examples/practical/core_test/dsl/ast_matcher_basic.reml,expected/practical/core_test/dsl/ast_matcher_basic.stdout,[],none,none,not-required,DSL Test Kit の AST Matcher 最小例を固定する。,ok,"2025-12-19 Phase4: CLI=cargo run --manifest-path compiler/rust/frontend/Cargo.toml --bin reml_frontend -- --output json examples/practical/core_test/dsl/ast_matcher_basic.reml / diagnostics=[] / run_id=afc1980e-4213-45eb-a5cd-d5e011d8f84e / log=reports/spec-audit/ch4/logs/stdlib-test-dsl-template.md",ok
CH3-TEST-411,Test,chapter3.test,docs/spec/3-11-core-test.md§7,boundary,medium,examples/practical/core_test/dsl/error_expectation_basic.reml,expected/practical/core_test/dsl/error_expectation_basic.diagnostic.json,"[""parser.unexpected_eof""]",none,none,not-required,DSL Test Kit の Error Expectation を診断 JSON で固定する。,ok,"2025-12-19 Phase4: CLI=cargo run --manifest-path compiler/rust/frontend/Cargo.toml --bin reml_frontend -- --output json examples/practical/core_test/dsl/error_expectation_basic.reml / diagnostics=[]（DSL 実行は未実装のため parse 結果のみ） / run_id=930c829f-bd68-4e56-a4f7-a0b76717c8a0 / log=reports/spec-audit/ch4/logs/stdlib-test-dsl-template.md",ok
CH3-TEST-412,Test,chapter3.test,docs/spec/3-11-core-test.md§7,canonical,low,examples/practical/core_test/dsl/golden/basic.input,expected/practical/core_test/dsl/golden/basic.ast,[],none,none,not-required,DSL Test Kit のゴールデンファイル運用を固定する。,ok,"2025-12-19 Phase4: examples/practical/core_test/dsl/golden/basic.input + expected/practical/core_test/dsl/golden/basic.ast + expected/practical/core_test/dsl/golden/basic.error の 3 点セットを確認 / log=reports/spec-audit/ch4/logs/stdlib-test-dsl-template.md",ok
CH3-CLI-401,CLI,chapter3.cli,docs/spec/3-12-core-cli.md§2,canonical,high,examples/practical/core_cli/parse_flags/basic_ok.reml,expected/practical/core_cli/parse_flags/basic_ok.stdout,[],none,none,not-required,Core.Cli の宣言的フラグ解析を最小ケースで確認する。,ok,CLI=compiler/rust/frontend/target/debug/reml_frontend --output json examples/practical/core_cli/parse_flags/basic_ok.reml / diagnostics=[] / log=reports/spec-audit/ch4/logs/stdlib-cli-20251219.md,ok
CH3-CLI-402,CLI,chapter3.cli,docs/spec/3-12-core-cli.md§2,canonical,medium,examples/practical/core_cli/validate/basic_ok.reml,expected/practical/core_cli/validate/basic_ok.stdout,[],none,none,not-required,Core.Cli の validate サブコマンドを確認する。,ok,CLI=compiler/rust/frontend/target/debug/reml_frontend --output json examples/practical/core_cli/validate/basic_ok.reml / diagnostics=[] / log=reports/spec-audit/ch4/logs/stdlib-cli-20251219.md,ok
CH3-CLI-403,CLI,chapter3.cli,docs/spec/3-12-core-cli.md§2,canonical,medium,examples/practical/core_cli/format/basic_ok.reml,expected/practical/core_cli/format/basic_ok.stdout,[],none,none,not-required,Core.Cli の format サブコマンドを確認する。,ok,CLI=compiler/rust/frontend/target/debug/reml_frontend --output json examples/practical/core_cli/format/basic_ok.reml / diagnostics=[] / log=reports/spec-audit/ch4/logs/stdlib-cli-20251219.md,ok
CH3-PRETTY-401,Text,chapter3.text,docs/spec/3-13-core-text-pretty.md§3,canonical,medium,examples/practical/core_text/pretty/layout_width_basic.reml,expected/practical/core_text/pretty/layout_width_basic.stdout,[],none,none,not-required,Core.Text.Pretty の幅差レイアウトを固定する。,ok,CLI=compiler/rust/frontend/target/debug/reml_frontend --output json examples/practical/core_text/pretty/layout_width_basic.reml / diagnostics=[] / log=reports/spec-audit/ch4/logs/stdlib-pretty-20251219.md / expected=expected/practical/core_text/pretty/layout_width_basic.stdout,ok
CH3-DOC-401,Doc,chapter3.doc,docs/spec/3-15-core-doc.md§2,canonical,medium,examples/practical/core_doc/basic_generate_ok.reml,expected/practical/core_doc/basic_generate_ok.stdout,[],none,none,not-required,Core.Doc のドキュメント生成を最小例で固定する。,ok,CLI=compiler/rust/frontend/target/debug/reml_frontend --output json examples/practical/core_doc/basic_generate_ok.reml / diagnostics=[] / log=reports/spec-audit/ch4/logs/stdlib-doc-20251219.md / expected=expected/practical/core_doc/basic_generate_ok.stdout,ok
CH3-LSP-401,LSP,chapter3.lsp,docs/spec/3-14-core-lsp.md§2,canonical,medium,examples/practical/core_lsp/basic_diagnostics_ok.reml,expected/practical/core_lsp/basic_diagnostics_ok.stdout,[],none,none,not-required,Core.Lsp の診断送信最小例を固定する。,ok,CLI=compiler/rust/frontend/target/debug/reml_frontend --output json examples/practical/core_lsp/basic_diagnostics_ok.reml / diagnostics=[] / log=reports/spec-audit/ch4/logs/stdlib-lsp-20251219.md / expected=expected/practical/core_lsp/basic_diagnostics_ok.stdout,ok
CH3-LSP-402,LSP,chapter3.lsp,docs/spec/3-14-core-lsp.md§4,canonical,medium,examples/practical/core_lsp/auto_derive_basic.reml,expected/practical/core_lsp/auto_derive_basic.stdout,[],none,none,not-required,Core.Lsp.Derive の最小導出（空モデル）を固定する。,ok,CLI=compiler/rust/frontend/target/debug/reml_frontend --parse-driver --output lsp-derive examples/practical/core_lsp/auto_derive_basic.reml / capabilities=all false / log=reports/spec-audit/ch4/logs/stdlib-lsp-derive-template.md / expected=expected/practical/core_lsp/auto_derive_basic.stdout,ok
CH2-PARSE-930,Runtime,chapter2.parser,docs/spec/2-2-core-combinator.md§C-2,canonical,medium,examples/practical/core_parse/cst_lossless.reml,expected/practical/core_parse/cst_lossless.stdout,[],none,none,not-required,CST/Pretty のロスレス経路を最小例で固定する。,pending,Phase4 backlog: CST 出力のゴールデンを確認する。,pending
CH4-DSL-COMP-001,DSL,chapter1.syntax,docs/spec/1-1-syntax.md§B.8.3,canonical,high,examples/practical/embedded_dsl/markdown_reml_basic.reml,expected/practical/embedded_dsl/markdown_reml_basic.audit.jsonl,[],none,core.parse+core.lsp,StageRequirement::AtLeast(Beta),Markdown 内の embedded_dsl を最小構成で合成し、dsl_id と境界スパンを監査に残す。,pending,audit JSON Lines に `dsl.id`/`dsl.embedding.span` を固定する。,pending
CH4-DSL-COMP-002,DSL,chapter2.parser,docs/spec/2-2-core-combinator.md§C-5,boundary,high,examples/practical/embedded_dsl/markdown_reml_error.reml,expected/practical/embedded_dsl/markdown_reml_error.diagnostic.json,"[""parser.unexpected_eof""]",none,core.parse,StageRequirement::AtLeast(Beta),子 DSL の parse エラーが `source_dsl=""reml""` で報告されることを検証する。,pending,diagnostic JSON に `source_dsl` と `audit_metadata["dsl.id"]` を含める。,pending
CH4-DSL-COMP-003,DSL,chapter2.parser,docs/spec/2-2-core-combinator.md§C-5,observability,medium,examples/practical/embedded_dsl/markdown_reml_parallel.reml,expected/practical/embedded_dsl/markdown_reml_parallel.audit.jsonl,[],none,core.parse+core.async,StageRequirement::AtLeast(Beta),ParallelSafe の埋め込み区間を `ExecutionPlan` に反映し `dsl.embedding.mode` を監査ログへ出力する。,pending,`dsl.embedding.mode=ParallelSafe` の監査メタデータを固定する。,pending
CH5-LITE-001,Template,chapter5.cli,docs/spec/5-1-package-manager-cli.md§3.1,canonical,medium,examples/practical/lite_template/templates/sample.input,expected/lite_template/sample.ast.expected,[],none,none,not-required,Lite テンプレートの最短実行確認（`templates/sample.input` → `sample.ast.expected`）。,pending,Lite テンプレートの例と `sample.ast.expected` を同期して回帰資産化する。,pending
